Drug,Variant,Present_pheno_R,Present_pheno_S,Absent_pheno_R,Absent_pheno_S,Sensitivity,Specificity,PPV,SOLO_PPV,SOLO_lb,SOLO_ub,SOLO_OR,Initial_confidence_grading,Supporting_dataset,Additional_grading_criteria_applied,Final_confidence_grading,Sensitivity_num,Specificity_num,PPV_num,sens_norm,spec_norm,ppv_norm,Dominance_Score,Notes_Changes,Label
RIF,rpoB_p.Ser450Leu,6002,226,10859,30643,64.4%,99.3%,98.0%,97.9%,98.2%,97.1%,234.4,1) AwR,ALL+WHO,,1) Assoc w R,64.4,99.3,98.0,0.644,0.993,0.98,0.8495,,1
RIF,rpoB_p.Asp435Val,15656,17,1154,30515,6.9%,99.9%,98.5%,98.8%,99.4%,97.5%,162.4,1) AwR,ALL+WHO,,1) Assoc w R,6.9,99.9,98.5,0.069,0.9990000000000001,0.985,0.6228,,1
RIF,rpoB_p.His445Asp,16202,608,10,30522,3.6%,100.0%,98.4%,98.4%,99.3%,96.8%,118.3,1) AwR,ALL+WHO,,1) Assoc w R,3.6,100.0,98.4,0.036000000000000004,1.0,0.9840000000000001,0.6096,,1
RIF,rpoB_p.His445Tyr,11,593,30521,16217,3.5%,100.0%,98.2%,98.6%,99.4%,96.0%,128.2,1) AwR,ALL+WHO,,1) Assoc w R,3.5,100.0,98.2,0.035,1.0,0.982,0.6086,,1
RIF,rpoB_p.Ser450Phe,206,1,16604,30531,1.2%,100.0%,99.5%,100.0%,100.0%,97.2%,Inf,1) AwR,ALL+WHO,,1) Assoc w R,1.2,100.0,99.5,0.012,1.0,0.995,0.6033,,1
RIF,rpoB_p.Ser450Trp,16572,5,238,30527,1.4%,100.0%,97.9%,97.4%,99.1%,94.0%,68.9,1) AwR,ALL+WHO,,1) Assoc w R,1.4,100.0,97.9,0.013999999999999999,1.0,0.9790000000000001,0.5993,,1
RIF,rpoB_p.His445Leu,16593,20,217,30512,1.3%,99.9%,91.6%,91.4%,94.8%,85.8%,2026-06-19 00:00:00,1) AwR,ALL+WHO,,1) Assoc w R,1.3,99.9,91.6,0.013000000000000001,0.9990000000000001,0.9159999999999999,0.5797,,1
RIF,rpoC_p.Glu1092Asp,1076,9615,22631,1887,16.4%,95.5%,63.7%,0.0%,,,,5) NotAwR,WHO,,5) Not assoc w R,16.4,95.5,63.7,0.16399999999999998,0.955,0.637,0.5432,,0
RIF,rpoB_p.Asp435Tyr,16469,93,341,30439,2.0%,99.7%,78.6%,70.9%,76.5%,59.7%,2026-05-04 00:00:00,1) AwR,ALL+WHO,,1) Assoc w R,2.0,99.7,78.6,0.02,0.997,0.7859999999999999,0.5429,,1
RIF,rpoB_p.Leu452Pro,102,281,30430,16529,1.7%,99.7%,73.4%,64.9%,70.7%,56.1%,2026-04-03 00:00:00,1) AwR,ALL+WHO,,1) Assoc w R,1.7,99.7,73.4,0.017,0.997,0.7340000000000001,0.5261,,1
RIF,glpK_p.Val192fs,173,11329,115,23592,1.5%,99.5%,60.1%,0.0%,,,,5) NotAwR,WHO,,5) Not assoc w R,1.5,99.5,60.1,0.015,0.995,0.601,0.4848,,0
RIF,Rv2477c_p.Gly41Glu,127,11375,83,23624,1.1%,99.6%,60.5%,,,0.0%,,5) NotAwR,WHO,,5) Not assoc w R,1.1,99.6,60.5,0.011000000000000001,0.996,0.605,0.4847,,0
RIF,rpoB_p.Leu430Pro,215,185,16595,30347,1.3%,99.4%,53.8%,25.5%,32.0%,17.1%,0.6,3) Uncertain,Borderline ALL+WHO,,1) Assoc w R,1.3,99.4,53.8,0.013000000000000001,0.9940000000000001,0.5379999999999999,0.4648,,1
RIF,rpoC_p.Pro906Ala,135,11367,249,23458,1.2%,98.9%,35.2%,,,0.0%,,5) NotAwR,WHO,,5) Not assoc w R,1.2,98.9,35.2,0.012,0.9890000000000001,0.35200000000000004,0.4071,,0
INH,katG_p.Ser315Thr,27505,250,4649,16302,77.8%,99.1%,98.5%,98.3%,97.5%,98.5%,336.7,1) AwR,ALL+WHO,,1) Assoc w R,77.8,99.1,98.5,0.778,0.991,0.985,0.904,G,1
INH,inhA_c.-777C>T,16397,161,4449,27307,21.3%,99.4%,96.5%,87.8%,83.7%,89.6%,12.0,1) AwR,ALL+WHO,,1) Assoc w R,21.3,99.4,96.5,0.213,0.9940000000000001,0.965,0.6729,F. L,1
INH,katG_p.Ser315Asn,20640,206,5,27463,1.0%,100.0%,97.6%,99.2%,91.4%,100.0%,170.3,1) AwR,ALL+WHO,,1) Assoc w R,1.0,100.0,97.6,0.01,1.0,0.976,0.5968,G,1
INH,inhA_c.-770T>C,20458,388,17,27451,1.9%,99.9%,95.8%,41.7%,19.4%,63.4%,1.0,3) Uncertain,ALL+WHO,WHO-end. gDST,2) Assoc w R- Interim,1.9,99.9,95.8,0.019,0.9990000000000001,0.958,0.5947,F.JO,0
INH,katG_LoF,27457,11,20592,254,1.2%,100.0%,95.8%,94.0%,79.2%,98.0%,2026-01-21 00:00:00,1) AwR,ALL+WHO,,1) Assoc w R,1.2,100.0,95.8,0.012,1.0,0.958,0.5922,G,1
INH,inhA_c.-154G>A,20101,745,64,27404,3.6%,99.8%,92.1%,70.1%,61.1%,76.5%,2026-02-03 00:00:00,1) AwR,ALL+WHO,,1) Assoc w R,3.6,99.8,92.1,0.036000000000000004,0.998,0.9209999999999999,0.5901,F. H,1
INH,inhA_c.-779G>T,20507,339,26,27442,1.6%,99.9%,92.9%,58.9%,42.4%,71.9%,2026-09-01 00:00:00,3) Uncertain,ALL+WHO,WHO-end. gDST,2) Assoc w R - Interim,1.6,99.9,92.9,0.016,0.9990000000000001,0.929,0.5848,F,0
INH,inhA_p.Ser94Ala,20633,213,27,27441,1.0%,99.9%,88.8%,58.3%,37.1%,72.4%,2026-09-01 00:00:00,3) Uncertain,ALL WHO,INH-ETO X-R,2) Assoc w R- Interim,1.0,99.9,88.8,0.01,0.9990000000000001,0.888,0.5701,FA,0
INH,katG_c.-85C>T,12864,510,494,20819,3.8%,97.7%,50.8%,2.5%,1.2%,4.3%,0.0,5) NotAwR,WHO,,5) Not assoc w R,3.8,97.7,50.8,0.038,0.977,0.508,0.4607,,0
INH,Rv0010c_c-141A>G,13189,185,317,20996,1.4%,98.5%,36.9%,0.0%,,,,5) NotAwR,WHO,,5) Not assoc w R,1.4,98.5,36.9,0.013999999999999999,0.985,0.369,0.4118,,0
INH,dnaA_p.Pro124Leu,13205,169,474,20839,1.3%,97.8%,26.3%,0.0%,,,,5) NotAwR,WHO,,5) Not assoc w R,1.3,97.8,26.3,0.013000000000000001,0.978,0.263,0.3775,,0
INH,ndh_p.Val18Ala,13139,235,695,20618,1.8%,96.7%,25.3%,,0.0%,,,5) NotAwR,WHO,,5) Not assoc w R,1.8,96.7,25.3,0.018000000000000002,0.9670000000000001,0.253,0.3732,,0
INH,Rv0010c_p.Ala26Val,13102,272,844,20469,2.0%,96.0%,24.4%,,0.0%,,,5) NotAwR,WHO,,5) Not assoc w R,2.0,96.0,24.4,0.02,0.96,0.244,0.3692,,0
INH,inhA_c.-40C>T,13238,136,604,20709,1.0%,97.2%,18.4%,0.0%,0.0%,97.5%,0.0,5) NotAwR,WHO,,5) Not assoc w R,1.0,97.2,18.4,0.01,0.972,0.184,0.3508,,0
EMB,embB_p.Met306Val,3245,685,6236,35020,34.2%,98.1%,82.6%,79.9%,74.0%,81.5%,2026-04-22 00:00:00,1) AwR,ALL+WHO,,1) Assoc w R,34.2,98.1,82.6,0.342,0.981,0.826,0.6789,,1
EMB,embB_p.Gln497Arg,999,224,8482,35481,10.5%,99.4%,81.7%,73.0%,58.8%,76.8%,2026-03-11 00:00:00,1) AwR,ALL+WHO,,1) Assoc w R,10.5,99.4,81.7,0.105,0.9940000000000001,0.8170000000000001,0.5853,,1
EMB,embB_p.Met306Ile,1953,1159,7528,34546,20.6%,96.8%,62.8%,54.5%,45.3%,56.7%,2026-05-05 00:00:00,1) AwR,ALL+WHO,,1) Assoc w R,20.6,96.8,62.8,0.20600000000000002,0.968,0.628,0.5612,,1
EMB,embA_c.-12C>T,635,173,8846,35532,6.7%,99.5%,78.6%,30.9%,10.2%,41.1%,2026-08-01 00:00:00,3) Uncertain,ALL+WHO,,3) Uncertain significance,6.7,99.5,78.6,0.067,0.995,0.7859999999999999,0.5611,,0
EMB,embB_p.Tyr319Ser,204,47,9277,35658,2.2%,99.9%,81.3%,80.7%,70.9%,85.7%,2026-01-16 00:00:00,1) AwR,ALL+WHO,,1) Assoc w R,2.2,99.9,81.3,0.022000000000000002,0.9990000000000001,0.813,0.5524,,1
EMB,embB_p.Met306Leu,145,50,9336,35655,1.5%,99.9%,74.4%,70.4%,48.6%,79.2%,2026-01-09 00:00:00,1) AwR,ALL+WHO,,1) Assoc w R,1.5,99.9,74.4,0.015,0.9990000000000001,0.7440000000000001,0.5289,,1
EMB,embB_p.Gln497Lys,145,51,9336,35654,1.5%,99.9%,74.0%,53.0%,34.8%,65.4%,2026-03-04 00:00:00,1) AwR,ALL+WHO,,1) Assoc w R,1.5,99.9,74.0,0.015,0.9990000000000001,0.74,0.5277,,1
EMB,embB_p.Gly406Ser,187,76,9294,35629,2.0%,99.8%,71.1%,61.1%,53.2%,73.0%,6.0,1) AwR,ALL+WHO,,1) Assoc w R,2.0,99.8,71.1,0.02,0.998,0.711,0.5207,,1
EMB,embB_p.Asp354Ala,301,137,9180,35568,3.2%,99.6%,68.7%,64.2%,49.9%,73.0%,2026-09-06 00:00:00,1) AwR,ALL+WHO,,1) Assoc w R,3.2,99.6,68.7,0.032,0.996,0.687,0.5177,,1
EMB,embB_p.Gly406Ala,328,199,9153,35506,3.5%,99.4%,62.2%,53.0%,37.4%,59.0%,2026-04-04 00:00:00,1) AwR,ALL+WHO,,1) Assoc w R,3.5,99.4,62.2,0.035,0.9940000000000001,0.622,0.4988,,1
EMB,embB_p.Gly406Asp,274,212,9207,35493,2.9%,99.4%,56.4%,46.9%,34.8%,69.9%,2026-04-03 00:00:00,1) AwR,ALL+WHO,,1) Assoc w R,2.9,99.4,56.4,0.028999999999999998,0.9940000000000001,0.564,0.479,,1
EMB,embB_p.Thr1082Ala,96,108,6464,26397,1.5%,99.6%,47.1%,1.2%,0.0%,6.7%,0.1,5) NotAwR,WHO,,5) Not assoc w R,1.5,99.6,47.1,0.015,0.996,0.47100000000000003,0.4461,,0
EMB,embC_c.-529T>C,83,107,6477,26398,1.3%,99.6%,43.7%,0.0%,0.0%,4.6%,0.0,5) NotAwR,WHO,,5) Not assoc w R,1.3,99.6,43.7,0.013000000000000001,0.996,0.43700000000000006,0.4351,,0
EMB,Rv2752c_p.Val300Ala,63,114,6497,26391,1.0%,99.6%,35.6%,,0.0%,,,5) NotAwR,WHO,,5) Not assoc w R,1.0,99.6,35.6,0.01,0.996,0.35600000000000004,0.4096,,0
EMB,embC_p.Ala774Ser,65,141,6495,26364,1.0%,99.5%,31.6%,1.8%,0.2%,6.3%,0.1,5) NotAwR,WHO,,5) Not assoc w R,1.0,99.5,31.6,0.01,0.995,0.316,0.3973,,0
EMB,embC_c.-100C>T,93,255,6467,26250,1.4%,99.0%,26.7%,0.0%,0.0%,2.1%,0.0,5) NotAwR,WHO,,5) Not assoc w R,1.4,99.0,26.7,0.013999999999999999,0.99,0.267,0.3827,,0
EMB,Rv2752c_p.Pro123Leu,68,210,6492,26295,1.0%,99.2%,24.5%,,0.0%,,,5) NotAwR,WHO,,5) Not assoc w R,1.0,99.2,24.5,0.01,0.992,0.245,0.3751,,0
EMB,embC_c.-1743G>A,99,473,6461,26032,1.5%,98.2%,17.3%,0.0%,,,,5) NotAwR,WHO,,5) Not assoc w R,1.5,98.2,17.3,0.015,0.982,0.17300000000000001,0.3525,,0
EMB,embC_c.-900C>T,132,945,6428,25560,2.0%,96.4%,12.3%,1.2%,0.3%,2.4%,0.0,5) NotAwR,WHO,,5) Not assoc w R,2.0,96.4,12.3,0.02,0.9640000000000001,0.12300000000000001,0.3341,,0
PZA,pncA LoF,573,42,3836,16780,13.0%,99.8%,93.2%,93.6%,89.8%,96.8%,63.5,1) AwR,ALL+WHO,,1) Assoc w R,13.0,99.8,93.2,0.13,0.998,0.932,0.631,,1
PZA,pncA p.His57Asp,166,2,4243,16820,3.8%,100.0%,98.8%,98.8%,89.8%,99.9%,319.1,1) AwR,ALL+WHO,,1) Assoc w R,3.8,100.0,98.8,0.038,1.0,0.988,0.6116,,1
PZA,pncA p.Val131fs,54,0,4355,16822,1.2%,100.0%,100.0%,100.0%,93.3%,100.0%,Inf,1) AwR,ALL+WHO,,1) Assoc w R,1.2,100.0,100.0,0.012,1.0,1.0,0.6048,,1
PZA,pncA p.Leu27Pro,44,0,4365,16822,1.0%,100.0%,100.0%,100.0%,91.4%,100.0%,Inf,1) AwR,ALL+WHO,,1) Assoc w R,1.0,100.0,100.0,0.01,1.0,1.0,0.604,,1
PZA,pncA p.His51Asp,48,1,4361,16821,1.1%,100.0%,98.0%,98.0%,89.1%,99.9%,185.1,1) AwR,ALL+WHO,,1) Assoc w R,1.1,100.0,98.0,0.011000000000000001,1.0,0.98,0.5984,,1
PZA,pncA p.Thr135Pro,43,1,4366,16821,1.0%,100.0%,97.7%,97.7%,88.0%,99.9%,165.7,1) AwR,ALL+WHO,,1) Assoc w R,1.0,100.0,97.7,0.01,1.0,0.977,0.5971,,1
PZA,pncA p.Cys14Arg,42,1,4367,16821,1.0%,100.0%,97.7%,97.7%,87.7%,99.9%,161.8,1) AwR,ALL+WHO,,1) Assoc w R,1.0,100.0,97.7,0.01,1.0,0.977,0.5971,,1
PZA,pncA p.Gly132Ala,57,2,4352,16820,1.3%,100.0%,96.6%,96.6%,88.1%,99.6%,108.2,1) AwR,ALL+WHO,,1) Assoc w R,1.3,100.0,96.6,0.013000000000000001,1.0,0.966,0.595,,1
PZA,pncA_c.-11A>G,141,10,4268,16812,3.2%,99.9%,93.4%,93.3%,88.1%,96.8%,55.1,1) AwR,ALL+WHO,,1) Assoc w R,3.2,99.9,93.4,0.032,0.9990000000000001,0.934,0.5927,,1
PZA,pncA p.Asp49Gly,43,2,4366,16820,1.0%,100.0%,95.6%,95.6%,84.9%,99.5%,82.8,1) AwR,ALL+WHO,,1) Assoc w R,1.0,100.0,95.6,0.01,1.0,0.956,0.5908,,1
PZA,pncA p.His51Arg,82,5,4327,16817,1.9%,100.0%,94.3%,94.3%,87.1%,98.1%,63.7,1) AwR,ALL+WHO,,1) Assoc w R,1.9,100.0,94.3,0.019,1.0,0.943,0.5905,,1
PZA,pncA p.Thr76Pro,52,3,4357,16819,1.2%,100.0%,94.5%,94.5%,84.9%,98.9%,66.9,1) AwR,ALL+WHO,,1) Assoc w R,1.2,100.0,94.5,0.012,1.0,0.945,0.5883,,1
PZA,pncA p.Gln141Pro,75,5,4334,16817,1.7%,100.0%,93.8%,93.8%,86.0%,97.9%,58.2,1) AwR,ALL+WHO,,1) Assoc w R,1.7,100.0,93.8,0.017,1.0,0.938,0.5882,,1
PZA,pncA p.Gln10Pro,70,5,4339,16817,1.6%,100.0%,93.3%,93.2%,84.9%,97.8%,53.5,1) AwR,ALL+WHO,,1) Assoc w R,1.6,100.0,93.3,0.016,1.0,0.9329999999999999,0.5863,,1
PZA,pncA p.Leu4Ser,42,3,4367,16819,1.0%,100.0%,93.3%,93.0%,80.9%,98.5%,51.4,1) AwR,ALL+WHO,,1) Assoc w R,1.0,100.0,93.3,0.01,1.0,0.9329999999999999,0.5839,,1
PZA,pncA p.Val139Ala,59,5,4350,16817,1.3%,100.0%,92.2%,91.9%,82.2%,97.3%,44.1,1) AwR,ALL+WHO,,1) Assoc w R,1.3,100.0,92.2,0.013000000000000001,1.0,0.922,0.5818,,1
PZA,pncA p.His57Arg,56,5,4353,16817,1.3%,100.0%,91.8%,91.8%,81.9%,97.3%,43.3,1) AwR,ALL+WHO,,1) Assoc w R,1.3,100.0,91.8,0.013000000000000001,1.0,0.9179999999999999,0.5806,,1
PZA,pncA p.Gly97Asp,46,5,4363,16817,1.0%,100.0%,90.2%,95.7%,61.9%,99.9%,84.8,1) AwR,ALL+WHO,,1) Assoc w R,1.0,100.0,90.2,0.01,1.0,0.902,0.5746,,1
PZA,pncA p.Gln10Arg,57,3,4352,16819,1.3%,100.0%,85.0%,94.6%,85.1%,98.9%,68.3,1) AwR,ALL+WHO,,1) Assoc w R,1.3,100.0,85.0,0.013000000000000001,1.0,0.85,0.5602,,1
PZA,panD c.-1937C>T,164,3622,15964,82,4.3%,99.5%,66.7%,5.9%,0.0%,0.0%,0.0,5) NotAwR,WHO,,5) Not assoc w R,4.3,99.5,66.7,0.043,0.995,0.667,0.5158,,0
PZA,PPE35 p.Thr712Pro,55,15991,3749,37,1.0%,99.7%,40.2%,0.0%,,,,5) NotAwR,WHO,,5) Not assoc w R,1.0,99.7,40.2,0.01,0.997,0.402,0.4237,,0
PZA,rpsA p.Met432Thr,545,3628,15501,158,4.2%,96.6%,22.5%,0.0%,,,,5) NotAwR,WHO,Lit. (PMID 32143680),4) Not assoc w R - Interim,4.2,96.6,22.5,0.042,0.966,0.225,0.3741,,0
PZA,Rv3236c_p.Val151Ala,425,15621,3699,87,2.3%,97.4%,17.0%,0.0%,,,,5) NotAwR,WHO,,5) Not assoc w R,2.3,97.4,17.0,0.023,0.9740000000000001,0.17,0.3524,,0
PZA,PPE35_p.Gly258Asp,87,3699,15576,470,2.3%,97.1%,15.6%,0.0%,,,,5) NotAwR,WHO,,5) Not assoc w R,2.3,97.1,15.6,0.023,0.971,0.156,0.3473,,0
PZA,Rv3236c p.Ala370Thr,95,3691,15530,516,2.5%,96.8%,15.5%,0.0%,,,,5) NotAwR,WHO,,5) Not assoc w R,2.5,96.8,15.5,0.025,0.968,0.155,0.3469,,0
